angle,compactness,compression_ratio,curvature,distance,layout,planarity,torsion,word
24.300129062672006,0.39477088616041855,2.252769298735725,0.05730035182042943,1.691828039537365,qwerty,0.5628376545699681,0.027508896643339404,the
22.73335478537974,0.35390788264355677,2.1970102454720775,0.040061303055821076,1.1250600387132834,qwerty,0.5389913108207292,0.018193466610588398,be
16.603079106994315,0.3627386080919734,2.1707432891514693,0.04246417795785362,1.174897190814116,qwerty,0.5367832698256128,0.022135801354810237,to
16.85628782167534,0.36391701936849835,2.238684045830647,0.04042578912707853,1.0230857340838204,qwerty,0.5408386386162418,0.0186340892738889,of
31.15885505985294,0.40307436793154794,2.286737217520033,0.058148245340157605,1.5114771592059788,qwerty,0.5592367266064473,0.03257785360383314,and
11.784248134360402,0.3297928175930162,2.0832762493104657,0.01807812782695091,0.5769795772314663,qwerty,0.5203027613872403,0.01114197001827347,a
20.31535238338027,0.3650621948929961,2.2176059731283355,0.04399926262807368,1.0038766574100022,qwerty,0.541201152745999,0.019099762062321106,in
44.130634455719466,0.4305455832527634,2.399275043354294,0.08304974943114438,2.195431138739515,qwerty,0.5798531413612574,0.04175083479689143,that
38.4072360770185,0.41108635863391946,2.4115076307761183,0.08416799635292252,2.2650334147965716,qwerty,0.5734089566844126,0.0344403655637645,have
11.97076817450759,0.32797032342160404,2.1121835057608225,0.019180923015533077,0.5574811930178645,qwerty,0.5206329192637147,0.011433833453730587,I
22.3254557487115,0.36311091087372754,2.2231987731387806,0.036111349240807215,1.0731550098811133,qwerty,0.539638288221871,0.020219433849614356,it
27.88525754354427,0.39070430921814236,2.245971499091955,0.05609095441687413,1.571379481827139,qwerty,0.5629006166834498,0.02597159116075059,for
29.317355691963915,0.3823203620641191,2.3373160173587144,0.05908817727735594,1.524474458259574,qwerty,0.5589702048545927,0.030963684066969137,not
23.859084648747178,0.363737190677819,2.1934928661383797,0.03667463305619651,1.167475435649511,qwerty,0.5363131370096054,0.020876762546862312,on
35.19516370311489,0.4193012635966257,2.476804364671085,0.08167461516122801,2.0648232692983486,qwerty,0.572834876852176,0.04447602304071216,with
16.600329319905278,0.3632293909406644,2.19599795965304,0.04110010030306639,1.1895808757206172,qwerty,0.5424087678044973,0.019179866783905895,he
18.756118245621597,0.35427533645793846,2.21769027430577,0.043023681213203296,1.136021798129916,qwerty,0.5411183514349333,0.02168157757302985,as
25.912108942711253,0.3899289973722827,2.281856380904157,0.065951632933145,1.5569502303670077,qwerty,0.564548907963205,0.029701336059636155,you
22.363242848018672,0.3578344953367389,2.228491720341877,0.038187660294043385,1.1867400749541601,qwerty,0.5414129779662604,0.01773124463439629,do
22.615918602210478,0.3543260616188521,2.165521531692825,0.040122245271678375,1.179408552356795,qwerty,0.5413540468272796,0.017520426619090135,at
32.507757936369266,0.43721999825726765,2.3981793760854107,0.07854187097310797,2.3735102250339724,qwerty,0.5842532429267794,0.043227664751001794,this
32.8751290879186,0.38027888027167667,2.2855999991700147,0.059529947981378464,1.7170673839189734,qwerty,0.5582261140199839,0.032094950133225164,but
25.851322687237438,0.4019599261382462,2.2518327870298074,0.058675463704765875,1.735167084561067,qwerty,0.5550982451443549,0.028746302053026543,his
21.97482422106253,0.35773415222049065,2.185054859589256,0.04046394733074417,1.0444002159098926,qwerty,0.5377682538894283,0.021125986452783737,by
33.87118246353203,0.42347132942798155,2.332470195451617,0.07797289713542897,2.095429090575516,qwerty,0.5782154123089599,0.03569630251921638,from
40.31110807418617,0.40634137630144934,2.3866010557602104,0.07912107002845847,2.2374717987364257,qwerty,0.5774971864005457,0.03409675082823012,they
18.170063664078533,0.36723493816664887,2.1851226630249694,0.0366230965597353,1.1440575842856395,qwerty,0.5400163275404767,0.01923684900042717,we
28.29944935124827,0.39951701901285097,2.2822018578179706,0.06324404098459806,1.5362210211215719,qwerty,0.5595601591406769,0.029567253692260154,say
25.70522748498102,0.4027004681251207,2.2646660572061528,0.06538042207255068,1.6702954096278695,qwerty,0.5637248139573597,0.03303027156660002,her
32.36636044568829,0.3841011229830221,2.2970261829383687,0.0626644572549081,1.5569952772765157,qwerty,0.5571831772321997,0.03206976605103261,she
18.97952556730705,0.3661712382350053,2.196719841511249,0.03870292865141547,1.0537168709889522,qwerty,0.5384875943827836,0.02176191235943384,or
18.417160730194816,0.35113225630825196,2.1744285415285476,0.04016510318662589,1.0436418108145862,qwerty,0.540675897246737,0.02074163657712128,an
37.32207115066443,0.4182739162284657,2.4362257779343683,0.08778624596319488,2.0323245867716695,qwerty,0.5729282174116032,0.03776096886108806,will
22.754798779451573,0.3612409817592135,2.2127128203044815,0.03682970484590696,1.1963138341046378,qwerty,0.5398613988043228,0.02246736056763307,my
28.26166774301683,0.3865950397324308,2.30679183447144,0.061603934165635726,1.5006590843380028,qwerty,0.5605722869803296,0.03269921444079169,one
31.007832692207174,0.38067975384055375,2.3536375267074647,0.057060193777589065,1.5390199590346119,qwerty,0.5625162715557958,0.02847506509868042,all
54.96593173465587,0.45656691766020396,2.5211022035722412,0.10807092751949093,2.6523455761747545,qwerty,0.598253089920525,0.047657774747729705,would
58.03216436725083,0.4613572417966145,2.5968789365355107,0.10199627593741366,2.5887110921586647,qwerty,0.6006285990034534,0.05566628956614453,there
45.60533246366374,0.4634671463000991,2.432653899066058,0.09444185566159627,2.958003414836279,qwerty,0.5910829634257757,0.051149977795211146,their
38.23557231765114,0.4106242253377882,2.3996078655311277,0.0780537289643994,2.294847141641351,qwerty,0.5787558301240591,0.03715576330535499,what
20.904313938804215,0.3604176097054782,2.2014087487072262,0.038580800319302354,1.1102935614498428,qwerty,0.5368837130723152,0.02084542357871044,so
18.41473323145919,0.3513906246862368,2.222141751903335,0.03840267169382539,1.198682401910908,qwerty,0.5428457634040657,0.01833132022089464,up
35.089656970741,0.38590431213485615,2.3068808357712283,0.05507513577752082,1.5970234923468634,qwerty,0.5590824872283877,0.03154572798104762,out
16.947098325737432,0.3647778302262453,2.2322940517319676,0.03854078071352974,1.1897203128329523,qwerty,0.5418166362660816,0.02227782872969759,if
52.92203015859397,0.45384514743240856,2.565891493783484,0.09180881615320546,2.7317894765358175,qwerty,0.5935954278377789,0.05000986685378533,about
30.30120503625139,0.3819566571687203,2.3356109328034353,0.05610015294959229,1.5907886115077283,qwerty,0.5544487404326609,0.028867941216114877,who
31.79341695346749,0.38766293145300096,2.2535797243537923,0.06350917127449376,1.5977609184894335,qwerty,0.5588097976974132,0.030294710093354982,get
53.809945297250614,0.47176507699322845,2.5879822146460274,0.09284174959811353,2.7407664543455015,qwerty,0.609671581962608,0.053469397745252556,which
19.48846133970694,0.3607223169063422,2.1762112912095852,0.04275239322947069,1.098135890779107,qwerty,0.5422830536407292,0.021685622221780224,go
22.687167583834693,0.3633135909018472,2.231206367467885,0.04190342722406374,1.0674686220459952,qwerty,0.5369664195165547,0.019412051662395968,me
33.67073759322368,0.4030463481058345,2.4527295722040052,0.07283930527268187,2.1812590510944054,qwerty,0.5745287297708382,0.04044832767628618,when
40.51047166327337,0.4152532506644468,2.368516982167498,0.08520606428776448,2.18806553992577,qwerty,0.5792316541219892,0.0447934143804548,make
30.303612558839173,0.3866458550646015,2.26518092077692,0.05802500090594134,1.7965147283692489,qwerty,0.5610881466945512,0.03389837696135683,can
38.79688116202571,0.4194331762139799,2.390808983397074,0.084208379004482,2.3924438270288855,qwerty,0.572300902578198,0.0353406663308503,like
34.82990676840145,0.4079091927833353,2.3644435187085517,0.08255057643179425,2.0143924475695485,qwerty,0.5861552036650252,0.04335258963433306,time
21.154350569994513,0.3519958909114637,2.2352396336148335,0.03633785897277515,1.1101412224411744,qwerty,0.5422578699600642,0.02133484398510346,no
38.60738109666076,0.4315286871762144,2.32873074678166,0.08545861546191243,2.1884365133552013,qwerty,0.5860281796358283,0.04260863221487694,just
29.64297037663078,0.4006697308870745,2.245727392927701,0.05596265948170091,1.554942396363308,qwerty,0.5553922885652067,0.029704195558487387,him
32.721518458535016,0.42579078914173807,2.4188100674470547,0.07372211474307198,2.0306130078950586,qwerty,0.5735117497998067,0.03909896225449616,know
35.58553021983687,0.40368034890088,2.4302428578508324,0.07612515425606523,2.048275213128273,qwerty,0.5776838556253163,0.03808389056785874,take
65.56120705126628,0.4791772777319113,2.533164983528515,0.11800613644548866,3.568692020280098,qwerty,0.6201388613808972,0.05393116993157738,people
36.49815174109391,0.42408393751463674,2.4252282889822725,0.08674237903466199,2.0079126678658157,qwerty,0.5734394643087721,0.03829385222716734,into
35.79819768751953,0.4143773797082503,2.3906701591417674,0.0851069406074494,2.0578401537457633,qwerty,0.5728737166431023,0.0407133990101846,year
33.214215083014125,0.42167946802952555,2.3352854673785584,0.08642361355810387,2.1062499512593593,qwerty,0.5800282387152661,0.03753421385669142,your
32.698631434404284,0.42135855155071633,2.329587682649559,0.08616866908914324,2.279457902746461,qwerty,0.5861208933148483,0.035895186687151456,good
36.7458356859698,0.4352427290239267,2.3210272490823574,0.07442672936627244,2.1498094513974384,qwerty,0.5726065074489193,0.036452623961154125,some
49.83446523570695,0.44625790457765346,2.5433532613674004,0.09193741322604441,2.58419934591796,qwerty,0.5983567921109441,0.05410615451965295,could
46.95092651968225,0.42993739454779567,2.471158477370953,0.07560114773516743,2.339227979578549,qwerty,0.5867705256778517,0.042828706895044415,them
35.2823919380768,0.3837737915655576,2.2847940438715177,0.05571892740153411,1.7029577011436448,qwerty,0.5615548184275039,0.027333866071961987,see
58.28090350017894,0.4328039430309304,2.5936660362961543,0.0949953044700215,2.5566167545987613,qwerty,0.6053282782223532,0.05058679433734459,other
45.07854642754002,0.4359054481065038,2.369181598820396,0.07508684011753322,2.353616549534664,qwerty,0.573578198561058,0.03934923761416977,than
35.90094173620648,0.4027634845800496,2.38777932248104,0.08069642301702992,2.191563353402952,qwerty,0.5806978064922185,0.037209479686095046,then
29.451558132841225,0.3847629169013539,2.2824042172037626,0.06253688119317755,1.7844725889175606,qwerty,0.5608647816033845,0.027822489241304635,now
43.37048051022775,0.42947326931029317,2.4067947225878825,0.07937185838913251,2.028453568158109,qwerty,0.5876557401723893,0.04583371971308537,look
44.241298238733606,0.4083682257823581,2.378382502931104,0.07381407999114381,2.209267929119081,qwerty,0.5788541378227617,0.036109765660061556,only
32.47196189493415,0.4065568889203165,2.430067455306948,0.07421704032656683,2.359428948810571,qwerty,0.58306562756775,0.035001313125587456,come
28.554677570156343,0.3797373383299246,2.3280709247208256,0.06238397796484875,1.737488349107993,qwerty,0.5610014384502793,0.033823725664912686,its
36.29227119626661,0.41236773179032443,2.371596784358478,0.07529128601205697,2.3518110683312528,qwerty,0.5775621298118709,0.04342873181732673,over
53.66642367357915,0.4410478019619347,2.535769804248347,0.09399013329297609,2.7890837085961415,qwerty,0.6010856753885035,0.04453536127689991,think
43.874462504636,0.40509665874358924,2.4005512644104696,0.07894500813649151,2.090198615792968,qwerty,0.5846400674810762,0.04034235338646223,also
46.406806041101675,0.4093279776635302,2.366539621270071,0.08328802680379908,2.021599013646351,qwerty,0.5764765415285166,0.04146246136601636,back
51.82454869531621,0.459709558674241,2.5322260854208993,0.09212464207545491,2.575031626641276,qwerty,0.5962621153162116,0.04567219471276189,after
24.427634234653343,0.3866576445366971,2.2443289966989894,0.0616139658654289,1.7632720596181173,qwerty,0.555642496072025,0.02557173529426175,use
35.284262316813056,0.3807375286716478,2.302950691420311,0.05523024876429134,1.506008511979405,qwerty,0.559818799350466,0.029081436672226273,two
34.49058057788775,0.4033850964378121,2.3071752827253595,0.05901776812071255,1.541959616725877,qwerty,0.5554109993370306,0.025583326732149414,how
35.272885786680945,0.37678815538650434,2.2826183723616866,0.05858948898680858,1.7993700338615617,qwerty,0.562971541940758,0.027111050400128452,our
44.35792871020149,0.40813708708675445,2.451404002285781,0.08036868374939837,2.145445279326615,qwerty,0.582992637971846,0.04395400091687081,work
59.17025490924971,0.46504046227626034,2.5984261812428127,0.09843473779849976,2.5174133303054402,qwerty,0.603646795528732,0.04495314315686555,first
34.857959015952744,0.41644019433708884,2.321930674623753,0.07454588028989728,2.22829800632402,qwerty,0.5837513713811513,0.04333029615739429,well
30.103098727356546,0.4008001082211813,2.251348157160248,0.0644427907165394,1.6092485384370523,qwerty,0.5597236920254046,0.03015136164167971,way
37.478907541976334,0.40591362130241615,2.331684125878422,0.0829913428471792,2.3448119564151715,qwerty,0.5750975280736437,0.04387069218003651,even
28.07771662956897,0.3881747236178347,2.289785164436624,0.0603325676126283,1.6943519590241247,qwerty,0.5638425023211691,0.03173327550035065,new
34.75871982272118,0.43117150828295975,2.3645474207984356,0.08698066538794037,2.0629930776931023,qwerty,0.5838714667331478,0.04558360226315682,want
82.56917502898305,0.5348059031592487,2.686591282537215,0.13430190008069298,4.171339735227842,qwerty,0.6532162482127204,0.07842008901355206,because
32.09601145726393,0.402049230240232,2.250914416906398,0.05796639894538203,1.6615187101748718,qwerty,0.5645116243816574,0.03062871628393044,any
58.23734052886628,0.4615615561946269,2.407039044147192,0.10125993394480448,2.8274020676335434,qwerty,0.6004334563604273,0.053033088616869485,these
32.316693740947564,0.4158979709608023,2.34159094408039,0.08518397449383873,2.218233013373387,qwerty,0.5811438699537266,0.039717138880837936,give
28.723389022060992,0.3945604043924999,2.3453811978179204,0.055793831984189614,1.590031362348884,qwerty,0.5634916104638947,0.03443607122015402,day
35.029529416557196,0.43255018695868996,2.419777119543141,0.07398416491781093,2.230173632421266,qwerty,0.5750111762508211,0.04313999826393542,most
19.92752381936844,0.3557881317526449,2.220842520019134,0.04082079821231547,1.01626153369134,qwerty,0.5436661819653408,0.02234546343745936,us
65.07239651558751,0.5240349303125442,2.7699513682293864,0.1471817584925803,3.950534684196385,qwerty,0.6403278344092076,0.060327010941121376,quantum
95.6144185319964,0.5539638842378324,2.9001966489569746,0.1512260741330312,4.5502407536003915,qwerty,0.6489824378095506,0.08345365442996991,keyboard
88.14375119602713,0.6255212960208978,3.310477792422936,0.20631283589994617,6.582254322859563,qwerty,0.7388234512640718,0.12432602593607275,compression
75.85216310458813,0.5708041571750919,2.642380096839866,0.1538562372292715,4.267028683052027,qwerty,0.675929552672353,0.07967647907956348,cerebras
98.53925111449517,0.6239512635803554,3.044379502048165,0.1853631847629018,5.3151701752991,qwerty,0.7008205671791471,0.08787932066499782,artificial
109.40041863288768,0.6893554294574809,3.0165039996761616,0.2284909760736041,6.953659848377786,qwerty,0.7512038909667618,0.10970929578947776,intelligence
83.22559160713115,0.4979986106558484,2.7713896441934103,0.126854569300817,4.034654131475036,qwerty,0.646979743615131,0.06878177616486107,machine
81.84084524885006,0.548887463955918,2.7966521123889705,0.16109630412401457,4.763912970062702,qwerty,0.6515270138811973,0.08436468796763137,learning
61.265903853747744,0.47481736929721224,2.5488111109296865,0.11628017038540102,3.1223742204198746,qwerty,0.6264064404019702,0.060585236035071786,neural
79.5197586942514,0.5394636092115077,2.689007702391951,0.14255923397408657,3.5901651875077216,qwerty,0.6362683614779105,0.07421313957709325,network
102.39303173255186,0.5830212321273536,2.7222029432190764,0.16580488275889174,5.313668814945931,qwerty,0.6922769878335364,0.08759003179135103,algorithm
40.58960712135005,0.41932321287389707,2.4289637984484793,0.07373356562549893,2.3617749004943036,qwerty,0.5877116563792325,0.04106571911420855,data
62.511433459967506,0.5125481625505166,2.7962753415843107,0.148686267126405,3.67765518101893,qwerty,0.6536218789871788,0.07759880569805866,science
67.49463367010472,0.5098226995901932,2.683545946159998,0.17012101165221627,4.708726863904371,qwerty,0.6499497529095182,0.07006816756397188,computer
100.38995503962731,0.6256973160138295,2.9076679942817845,0.22784688450931398,6.520270229184216,qwerty,0.7386353031406714,0.1251036964966663,programming
56.819703398731406,0.45436713115663707,2.6943671270916574,0.12357785180553388,3.556542943132151,qwerty,0.6090951268141925,0.06284913535202669,python
111.9155951148099,0.5900463100578301,3.071055303422096,0.21940359853818753,5.23132420390772,qwerty,0.6975139643704994,0.0905612284984853,javascript
74.86330878872616,0.547113398573454,2.6666565716401536,0.17191071508673048,4.503137845685112,qwerty,0.6489776588241238,0.06953813621638037,research
93.01796757328513,0.6623879968228071,3.146024535099122,0.22576866220230538,5.869844738382843,qwerty,0.733698311664178,0.11139692380376666,development
25.66156240995477,0.37012959636832077,2.3104797917949518,0.05717376121464466,1.4193771833176754,dvorak,0.5583851800239661,0.025072144311446824,the
14.825309820239307,0.35976048118723236,2.2140920163807603,0.03622405528994091,0.9076072564968035,dvorak,0.5381427278990124,0.019762299615808294,be
14.951112468926055,0.36143417403377887,2.1792949616990747,0.038831769692561566,1.0229323774143873,dvorak,0.5374152885863569,0.018666639956798778,to
19.672546268143225,0.34612557787475196,2.1925512745303006,0.03394403322125868,0.9921544712784891,dvorak,0.5358192535760734,0.016833409295300375,of
21.98281717060599,0.3781200247125866,2.236994920136602,0.051899170629171855,1.517901380687481,dvorak,0.5496715410547365,0.027209307762206574,and
10.14602825850538,0.32403488586388396,2.0946464364013067,0.018792720344706543,0.4919056820440368,dvorak,0.5196944285127346,0.0077150873953132386,a
18.484227193448934,0.35515474578692785,2.1550879149723823,0.033017429035512504,1.01154802078267,dvorak,0.5327625337221203,0.016924187892939938,in
37.39284344128872,0.3988994258855949,2.359624543755364,0.07691266826095543,1.8083007607734902,dvorak,0.5687935523409685,0.03696645370097861,that
40.29911398450487,0.4191891550363927,2.3936334890502735,0.07895571182781007,2.0589042585169364,dvorak,0.5692514381221099,0.041011619868162284,have
9.548033601024695,0.3280557617302025,2.095455457078074,0.017693787164718762,0.4919971293849758,dvorak,0.5165778642385055,0.009757820567659146,I
17.783867918154787,0.3555506946522122,2.217793392575398,0.038410484781215545,1.0402555023938604,dvorak,0.5338601787989832,0.01600080379863299,it
24.716430695740556,0.36909831922668734,2.2921389637268668,0.05783701811703009,1.506029572389852,dvorak,0.5509802189965153,0.02702745266135233,for
29.922240416100628,0.3905621216018207,2.3232522097411064,0.0528598141655379,1.4397293126589155,dvorak,0.559197663873382,0.0272274261896528,not
14.45661811748727,0.3604555180543584,2.2066079987578346,0.03660850180809678,1.071963704259286,dvorak,0.5337476992563385,0.019654946653302943,on
38.100695836307395,0.4126824893403098,2.3330398833845907,0.07666650436573993,1.9629224996436228,dvorak,0.5671933439609609,0.03549906663686437,with
14.852121109870053,0.35104827987197196,2.1640858224117654,0.037375799322560105,1.026927096836724,dvorak,0.5349533052688206,0.019944323162675432,he
16.922614038453137,0.3587921935197096,2.156171860486449,0.03783587031338576,0.9330420428255479,dvorak,0.534939215019727,0.018179731641636013,as
30.999330641342926,0.3916772486679399,2.258542525379952,0.0528219610291638,1.613416443748028,dvorak,0.5542777930386578,0.024718947961483623,you
19.62801360789981,0.35943071089334,2.1877962433789975,0.03408808200294724,0.9164466450389227,dvorak,0.5367445223757269,0.01951324130286141,do
20.914297509683283,0.35271420110946194,2.1749890039579474,0.036345554240924983,1.0424625235779548,dvorak,0.537691248021428,0.0160324523209661,at
37.46165839708997,0.41158006361797445,2.4101569829295793,0.06507759866734258,2.1562441553943166,dvorak,0.5759612588535574,0.03364859141912281,this
27.013307331071136,0.377773366646669,2.2895766656813383,0.04945491925745497,1.46472685358731,dvorak,0.5533478466103192,0.027265586598982927,but
30.594491118570474,0.3916876661147495,2.3375555518339928,0.052744439905948376,1.5239953916397002,dvorak,0.5570877665281668,0.024244128088746153,his
18.275132878648076,0.36163992865788824,2.2158728019061105,0.03489921563092538,0.9299625664613994,dvorak,0.5351613919659453,0.016747116526209166,by
36.08048340652595,0.3931789478848071,2.317765566966698,0.0786953454428443,1.9754575235793423,dvorak,0.5790905629720615,0.03663060285460989,from
37.88095256149219,0.4121877156924655,2.4117845094221604,0.0665391688640749,2.000677658959213,dvorak,0.5704057709590286,0.03651865931472647,they
18.251405911488508,0.35701337040032627,2.173862459797009,0.0348346637956223,0.9402901881170825,dvorak,0.533383956910042,0.01605973331818256,we
22.00601048257487,0.372064317067092,2.299082664047962,0.053707500986335595,1.5465400541015322,dvorak,0.5564615854455484,0.028685281462295653,say
30.20522143079089,0.36894008747569085,2.272373428087464,0.05068221569316697,1.5031896333341448,dvorak,0.5512075722551905,0.02844399310564079,her
21.74237116893605,0.3871603175402641,2.320630858755184,0.052031950317883706,1.4229814861132895,dvorak,0.5508101547675023,0.023292122614076087,she
17.484575628323707,0.3560685356284063,2.2056894477819275,0.03833223884972689,1.0373238470861978,dvorak,0.5375441649787389,0.020013773941375667,or
20.51666894513327,0.3466487667585186,2.195662378293094,0.037161741183603374,1.0192956513713707,dvorak,0.5356696742075198,0.01858034848773069,an
41.975703845638556,0.4195416828233275,2.348652384371229,0.07905133097275643,1.90564000374754,dvorak,0.5708949214879353,0.03944954996957803,will
15.921279014395589,0.3596937521458144,2.176489530277934,0.0379934212727852,1.0110206519779328,dvorak,0.5356970327063585,0.017192494022387286,my
26.95190882255748,0.3858202711138023,2.249938512190968,0.05330282465658486,1.4158422589228996,dvorak,0.550698647080057,0.023717544509932735,one
25.52706573874193,0.37406665706818754,2.254945521102949,0.054183850008930196,1.5232704344918098,dvorak,0.5498608321711671,0.030688390553594718,all
52.00953949734946,0.4291066275786458,2.3942657545715225,0.09083482197055147,2.5237883317353043,dvorak,0.5884750500599389,0.04712318573550667,would
39.83628174256944,0.43016285794921105,2.4299010326318675,0.08885051659178633,2.668246261577363,dvorak,0.5876330431463977,0.04971329766054476,there
43.37982730863701,0.4370494083275997,2.4594175011522452,0.08917438056454859,2.461288941651967,dvorak,0.5923185450756555,0.04814231265657477,their
29.501984750702217,0.411855443716887,2.40542943915994,0.07310094082539363,2.0417127949790204,dvorak,0.5678477085276014,0.037544259114786996,what
17.192413784470894,0.34888062359529387,2.178211557760145,0.03494231438918714,0.9054600948588142,dvorak,0.5352290192582341,0.01908177845858812,so
18.484111447171983,0.3543199887642202,2.222720162662501,0.03857738071617476,0.9886943928163284,dvorak,0.5332367652522098,0.01603947779847185,up
30.50859779904266,0.39069380439045126,2.2656486001126064,0.059066532638758336,1.4510341131201236,dvorak,0.5494364089903938,0.03003441957017337,out
21.08901989357413,0.34596966755389835,2.1962748804982617,0.035479850339487064,1.0465891080214325,dvorak,0.538656850027276,0.017918337984872332,if
42.771567825717945,0.43105675306298913,2.5093673244432453,0.09377598027123846,2.4636315379198748,dvorak,0.5948938532112368,0.04411578364836577,about
28.88290636555369,0.3809318306527719,2.299416366402449,0.05661016401529815,1.60565696617413,dvorak,0.5552190277417944,0.02301777264760692,who
29.95856742803749,0.3901656812112271,2.2886493300846364,0.054968226427724295,1.5234913201220208,dvorak,0.5496980938814262,0.02309594459906428,get
38.973329374124816,0.421724721045565,2.416875675991975,0.09580917120089703,2.430401866201807,dvorak,0.5845473271388304,0.03894034442068232,which
20.526044621260358,0.35586360019620283,2.1863967710573498,0.03386248758925242,0.915314559890633,dvorak,0.5355383262690687,0.016915434900992742,go
16.111725907547275,0.35754499076438395,2.1946077744048385,0.03800960213796924,0.9713881476856886,dvorak,0.5367530262531509,0.016769883317097632,me
29.19721753776196,0.3951760657388108,2.414822946668334,0.07422063471128496,2.1136901480402033,dvorak,0.5735358484731409,0.036357835664226554,when
36.297212539977075,0.4106449835084627,2.419586072360805,0.068429438513442,2.1011440239979655,dvorak,0.5776792162723987,0.036826752102019605,make
25.924968897467856,0.3839573112624316,2.3258874394518343,0.04929521667300656,1.3750958675369995,dvorak,0.5509305604398274,0.030056492969171594,can
34.25107252385329,0.40508761294632123,2.4196098544217137,0.07449620470522729,1.9058601996361628,dvorak,0.5675046176127366,0.036133782798368805,like
38.11428046927093,0.40992092062926877,2.39995726931019,0.07305077139378124,1.8897725366520035,dvorak,0.5706637361137279,0.03879440204266812,time
19.231969540501982,0.34636823111816173,2.1888260645521593,0.032497047089071925,1.0647758901475453,dvorak,0.5342736444723472,0.020473080693176566,no
32.30835816763552,0.41555672780869185,2.4434388726318543,0.07274539142032894,1.9623842030193013,dvorak,0.5684479583750254,0.03965049173366366,just
21.847404525645008,0.39271751724756815,2.3288955953250268,0.059094348799661765,1.5669966827914437,dvorak,0.5566807009200038,0.03038351614942904,him
37.31872587451066,0.41992761139177054,2.395230763326911,0.07753998063556741,1.8496987496584991,dvorak,0.5763108470504552,0.041316733752601,know
34.70702135538667,0.40592296326472593,2.3206880548201987,0.06550300618540682,1.9726550479036966,dvorak,0.5758346081291003,0.03738703882705362,take
57.09849846250445,0.467567691693468,2.460170188700185,0.10718662303257621,3.212863182126239,dvorak,0.6137563946531348,0.05981269366521538,people
29.63431712215779,0.4141565420062604,2.4435779937398854,0.07275768304383476,1.9217258713541805,dvorak,0.5725741999137688,0.03759913360289825,into
31.93447910479778,0.3970787498190605,2.40344668137415,0.07473985459034642,1.935857442070601,dvorak,0.5651743755326836,0.034327740482381526,year
41.6603536418525,0.41089200994635444,2.3452818309825445,0.07065025772212549,2.0050211063280723,dvorak,0.5719568346168509,0.034663483992267166,your
36.429513019139804,0.3935999378214596,2.4353498869512364,0.0737210013417888,1.9434055824514749,dvorak,0.574824935372035,0.03771232407495971,good
37.82137270301748,0.3939324228135793,2.3072890976689626,0.0751823278122968,2.1459631527826435,dvorak,0.5649365662385544,0.03673034086153261,some
42.73754760202612,0.4240711357261766,2.5497109309523216,0.09386242870048264,2.506525603625403,dvorak,0.5819893650140695,0.044441589646960156,could
33.18223636375559,0.40364035190791836,2.325361330270712,0.07100794541131145,1.8302403896525141,dvorak,0.5735497298140579,0.034391818311985,them
25.087958053906114,0.3762067307007404,2.298479004513638,0.05455787738525411,1.4555451760821396,dvorak,0.5578639958817062,0.029527346512150946,see
52.57992870697656,0.4247507546293927,2.499394499977818,0.09045473064553736,2.51128100287949,dvorak,0.5979662273238158,0.03830008448032757,other
35.79836579613833,0.39991741225592603,2.4452188371172694,0.07699615264970518,1.917956740631334,dvorak,0.5751298010603909,0.03309238620752423,than
42.08103854902955,0.415443430058903,2.391295978139629,0.07311063302614355,1.8187669743733328,dvorak,0.565027684002151,0.03803143071562794,then
29.889216722471833,0.3835793152393261,2.3248482048373447,0.05012869481424796,1.614764953832176,dvorak,0.5489254673848768,0.030699286124393793,now
41.77571687914392,0.42281581817836755,2.3852594251716335,0.06736450859883274,1.9114193777565227,dvorak,0.5679706682838415,0.04130986602040406,look
31.05679963037384,0.4009536867442905,2.3357353368880855,0.06754676197500636,1.939645512477998,dvorak,0.5720151104199162,0.038327362770477484,only
29.27757026092842,0.39550996886483963,2.409205155716794,0.07108450054397815,1.911361937673215,dvorak,0.567155692865983,0.035736731654820636,come
28.999673514993273,0.3698076530095397,2.233145134782924,0.05384770783647898,1.560450006615082,dvorak,0.5525638059127476,0.030227137843016165,its
32.47908184993028,0.4059500420687707,2.4444180815035503,0.06956209463168721,1.9279745125764247,dvorak,0.5731168468954632,0.03670132418770931,over
36.951435624340455,0.4505905539132685,2.4297363740101696,0.09606594046890639,2.3585726031037724,dvorak,0.5841726958345747,0.05121299634214512,think
40.900395504658476,0.4006966158436944,2.3881606015027073,0.07455584401579872,1.91260286696081,dvorak,0.5670991020655121,0.033613712155490964,also
42.54929040311364,0.4230087373558245,2.336862801472345,0.07605689017802095,2.0139636462279094,dvorak,0.5691575059016839,0.032802620666020334,back
36.55117447959979,0.43463226490745455,2.4895163084843976,0.09454745088005048,2.34697165884056,dvorak,0.5906213015020616,0.04280821073061941,after
22.94042671093877,0.3757775370076096,2.3154888888629155,0.05736205130187734,1.5865936829272846,dvorak,0.5524383141842104,0.02776073407257131,use
26.88630552216743,0.3911390834866678,2.2422508364941764,0.05896388872490843,1.5857539574648771,dvorak,0.5558415462790038,0.029537997927769302,two
28.763663574173908,0.3778705732117925,2.231433386421545,0.0583635085997093,1.5506617609039979,dvorak,0.5588927277505783,0.025747037464319368,how
23.17107163366512,0.39237948298485276,2.2726238147808617,0.05749820339130807,1.4056898281171015,dvorak,0.5590729977898357,0.024555573949562853,our
37.155748428280134,0.4057576409849607,2.3519793208381508,0.06528074794326871,2.086901379783256,dvorak,0.5727015036067316,0.030712066445242825,work
51.52692363013638,0.4225674264541838,2.541114679919195,0.0840123049359782,2.250145669988461,dvorak,0.5963825044384194,0.04282293574588716,first
37.830250868831705,0.3945726398501668,2.420621178826282,0.06894222866400784,2.0428138529806916,dvorak,0.5704236955457136,0.03498735296822855,well
27.244927333770562,0.3808539668435033,2.234120357737507,0.05435841383898277,1.4311370724857786,dvorak,0.5567777103805178,0.02453291559939669,way
42.197554830086005,0.3967716629547787,2.455759803314012,0.07751017003270991,2.0557996907722287,dvorak,0.5730467009105309,0.03184851910737638,even
25.337296825473274,0.3821597369779071,2.336173763032572,0.05696384148293344,1.3697029118083608,dvorak,0.5488536578444189,0.031016599188735502,new
43.097175034267245,0.39725020565389685,2.4269014141747003,0.07071439718561483,2.12969005964724,dvorak,0.5719450528080409,0.03353265252071655,want
69.48650996213449,0.5037718434899918,2.7694601433640273,0.12956144149671275,3.366681154677788,dvorak,0.6141989489367633,0.057016704006098255,because
24.669451671184056,0.38007283645259016,2.2317595271443142,0.05758698012645414,1.5119582625142012,dvorak,0.5565618852324291,0.027560444135015537,any
48.34750355930318,0.4323038780044112,2.538261576781444,0.09420421903038442,2.568673112879967,dvorak,0.5979277581890818,0.04780280055054503,these
36.010141525414994,0.4240413457500629,2.3924156151198863,0.07817944902517962,2.055446080584494,dvorak,0.5707148950504298,0.04030966203340734,give
30.89541062391809,0.3731422929638733,2.2294078962017823,0.05622764822917089,1.4008532770665412,dvorak,0.550197381098056,0.024790337273923636,day
38.131668053663276,0.40638540335286677,2.3228312933540933,0.07092545226007516,1.9936744805951792,dvorak,0.5751858300404619,0.03764757198819037,most
15.535033897334806,0.3579853392002576,2.206480898269466,0.03665441006833579,0.9335333801845871,dvorak,0.5338181686259118,0.018888047993048,us
54.07685411292544,0.4959306557300712,2.5704744740683796,0.12566697149607506,3.1598541342385147,dvorak,0.6253433704716203,0.06769992610967003,quantum
80.76461533955653,0.50234921146461,2.618022329315215,0.1335619920754907,4.174760739301186,dvorak,0.6420491045741367,0.06717260106764357,keyboard
111.95865325111444,0.5923719938951021,3.2252636171144733,0.2019976464209859,5.8415222783099,dvorak,0.7013077565374592,0.106936058917608,compression
71.46775205496085,0.5289089309541259,2.6175415917473375,0.13745973612411128,3.902399263628312,dvorak,0.6356536378828314,0.0656556053034881,cerebras
82.0000288367063,0.6098384714873034,2.797324333182899,0.18328511195522856,4.54579354752258,dvorak,0.6857771433411184,0.09619844030162307,artificial
122.2778812296178,0.590718477060883,3.0881436274149494,0.20401560429558596,6.355478432439701,dvorak,0.6965832927440396,0.09988577378130233,intelligence
52.958151543754035,0.46705368473635395,2.5897617108513336,0.1324879362054372,3.578168949088011,dvorak,0.626139524054472,0.06112684641277906,machine
58.52605031847504,0.4911941279051061,2.8735211399926204,0.13754701457970384,3.8623947168197215,dvorak,0.6526173233854632,0.06905821581365398,learning
55.37677525071583,0.4628265396348817,2.6590521037737167,0.09833908360504894,3.2131127466649407,dvorak,0.6020399234828286,0.04687557283999703,neural
63.05308285069202,0.5039970693078223,2.752904311538534,0.1252421368360872,3.6461016915257995,dvorak,0.6307248350287644,0.06277448161336258,network
75.89063653600911,0.5105241146736689,2.8256588450000115,0.17215064688713938,4.5214584423706015,dvorak,0.6695032431280956,0.08897849561082757,algorithm
38.851394751923024,0.4064644844557891,2.3192397827569255,0.06616432371436902,2.1412891573693966,dvorak,0.5693555122025002,0.03864708685382523,data
63.094387554542536,0.4690279431186275,2.6842551719231316,0.13138755782398953,3.6718405689278217,dvorak,0.6157279385395826,0.0659152201759251,science
60.68798060956801,0.5389463304391788,2.7540102328958285,0.1316656053124664,3.7666832376194006,dvorak,0.6566620710912423,0.06389728224920915,computer
96.53761400562352,0.6154102514444805,2.9138647303656358,0.2174282603335953,5.93966444761002,dvorak,0.700995866830037,0.11032599030585626,programming
58.32478718364119,0.4584498760935943,2.564843340017667,0.11506283363265919,2.8287000210390705,dvorak,0.6115203624380063,0.052885175128096804,python
96.68603833466064,0.5629477932819162,2.785519741007894,0.1685638074519355,5.066593352004103,dvorak,0.6964005600838779,0.09027012547705952,javascript
66.32400303673803,0.5315120987799649,2.8640193274029944,0.13492524818453908,3.7613643512101422,dvorak,0.6543601925353855,0.07002899497981964,research
79.60572503225521,0.6027584359581609,2.9824614928682216,0.2009839976587042,5.053444885377401,dvorak,0.6955261928738417,0.08740183832899176,development
27.025587689341226,0.37751334741190073,2.2183438272938236,0.0525129043994404,1.5244078070880764,colemak,0.5552647608401556,0.023818091946926568,the
14.739745141377007,0.3477494924742106,2.153052017931188,0.0319142329133381,0.900124971783089,colemak,0.5335940425740019,0.01895646597574153,be
15.10726496151224,0.35329464865806753,2.175187166855846,0.03121522507160703,0.8862469206786441,colemak,0.534893965405465,0.019307062449782877,to
17.54731947920525,0.3532272858803672,2.182205908382065,0.032738418347127256,0.9972531377967985,colemak,0.535898071379962,0.01664375547522334,of
21.963854525862835,0.3820311898027929,2.3119197956678077,0.04996184854920454,1.388962709092572,colemak,0.5555525276727676,0.02205464872781165,and
9.02904946733581,0.32452811100507806,2.095382082268201,0.015472464540328653,0.43126043718566953,colemak,0.5164157890546193,0.007299921690764511,a
17.79744243599097,0.3449826548915826,2.2091903435049267,0.036106015539565606,0.9376969458245413,colemak,0.5310597226063323,0.0155166151708104,in
34.99376207237864,0.417266328738579,2.367429924515326,0.07462206295236647,1.730807640060451,colemak,0.5706786809658174,0.03623006305242806,that
38.89161282655218,0.38855187579203065,2.3186082210741676,0.06658988942638029,1.9057039257010033,colemak,0.5672313705991201,0.030272423452331196,have
8.810128355154419,0.32673604053682115,2.1020040504770203,0.01758108591737164,0.5007388315153364,colemak,0.5169487848546936,0.009724737843945308,I
16.388003127511944,0.34616128511391075,2.180692982034523,0.0322457754316249,0.9779821177156931,colemak,0.5324461120382443,0.016175146329538717,it
25.278138467914502,0.3823342200793829,2.256975178034124,0.046370026648160624,1.3280807217108834,colemak,0.5479061010778006,0.025682726612570417,for
28.400068008058074,0.37376661921474885,2.292811784417697,0.051987444758765225,1.4973565707617786,colemak,0.5556634167872567,0.028301430605696738,not
18.94599814281833,0.3481822117344983,2.179545333273337,0.037106608891928676,0.8552595409673706,colemak,0.531163757655624,0.01617870519435568,on
34.40847327208466,0.3967492283051138,2.4274314173608995,0.062023957180378564,1.9139130327581313,colemak,0.5617933287447784,0.032434795576707275,with
16.296659409114014,0.3441815676095421,2.2119715987391158,0.036539610533969334,0.9420868855427266,colemak,0.5364199896716383,0.01543359786918296,he
19.86369944429342,0.35288471473712407,2.208316845491907,0.03600650766744872,0.8581200633533976,colemak,0.5314042252189379,0.01902523831096823,as
24.97034940202898,0.37804570677298077,2.2191905979371347,0.051111468953995196,1.4238984952690692,colemak,0.5479712611081364,0.02808084183990882,you
20.353559225420394,0.3530028412566897,2.167052702921456,0.03428565069402855,0.9534799889140888,colemak,0.5339998992319596,0.0159524842729205,do
19.612167986706922,0.34372173741927314,2.168055225554702,0.033840437575584775,0.9587947026863164,colemak,0.5321134790864166,0.017937133921301612,at
32.66584806278403,0.4171156601412196,2.2901418298974825,0.0635735208116308,1.968004443522168,colemak,0.5694565795953997,0.030722286956310633,this
27.551415497397905,0.38575386748122054,2.3006091750772955,0.0548476093455705,1.4046281411153985,colemak,0.5544525601716305,0.023145681237693297,but
29.140203932871632,0.3808827608522995,2.2182025644376226,0.05221765051491266,1.5086769373991933,colemak,0.5480345664677584,0.027354564174750944,his
13.894689142453695,0.3551480093696317,2.2084903412982664,0.03399124256069019,0.853468167361634,colemak,0.53510780013616,0.016613168190935473,by
28.405955946369925,0.389443200477829,2.325057460354941,0.07354718514690387,1.7530586463127684,colemak,0.5739527056768856,0.03696113672488393,from
35.22956994054217,0.4127719898647782,2.312811687840592,0.06602708577675367,1.9768869885295846,colemak,0.574721922012,0.030079738869418265,they
18.656051677843852,0.3472678400995924,2.1747996826702263,0.03564148553998001,0.9548902336655744,colemak,0.5353200483701539,0.01579598867231894,we
26.826372455998555,0.37001859268384535,2.219732694850495,0.04958425485836807,1.4669325405738713,colemak,0.5506229386119863,0.02555079487361652,say
26.657710196531127,0.3771586199871268,2.3066024642552003,0.046647845481557745,1.4232239803876463,colemak,0.5476147350935682,0.0233140691033836,her
21.05724292174075,0.3774918674433326,2.243612830929474,0.04994896514004395,1.4682230675412922,colemak,0.5474922308563342,0.02654983317404771,she
20.300666559615323,0.3544623780160693,2.1705106096980673,0.03649728334342338,0.9576312548941652,colemak,0.535472947321784,0.016289847233932044,or
17.40754292409425,0.34363250682052193,2.1592126466510466,0.03094627734674689,0.8526053491437627,colemak,0.5347970419831916,0.015190251412268431,an
37.30337082090233,0.41476497848304217,2.3390080342642245,0.06961074356269799,1.9882601209561033,colemak,0.5615576828893083,0.03811881369392495,will
14.18989030692346,0.34745080001389317,2.201038627356052,0.031302265572558205,0.9725660896795648,colemak,0.5316889686541916,0.018491443112029975,my
21.09899768668566,0.36800527094793223,2.242469328830941,0.05287463158318678,1.3424736061971738,colemak,0.5555887035909604,0.021963766041737606,one
26.41861556670922,0.3690259780643942,2.2677739938176966,0.053337035574884534,1.472368120905345,colemak,0.5557582447254514,0.023533735864908454,all
44.50343025221475,0.41111463406255505,2.431808414216509,0.08992120699817892,2.344740337867661,colemak,0.5857914729455169,0.04361835756213396,would
50.224706496700456,0.43348336214769556,2.4367369426147523,0.09344508680159143,2.3185584897577174,colemak,0.5901772220124318,0.04385412567746793,there
34.67028821745449,0.41557149713428604,2.4641034770218058,0.09226557722206213,2.3029756086277517,colemak,0.5914014274829189,0.04378914620101413,their
40.40685876114035,0.40016066253513916,2.32211322849071,0.06806234366085454,1.8193752027080365,colemak,0.5672509107845907,0.0325055958790404,what
17.19287159752184,0.35166377431156887,2.20547169437214,0.036621710999356204,1.004340821705996,colemak,0.532338329613442,0.015289053727457215,so
20.306212654081417,0.3511064456828457,2.1759865682320862,0.031975790658282835,0.8739808524357762,colemak,0.5361025507209667,0.01543154132289965,up
26.346003843194996,0.3836430012761832,2.2401104547010693,0.05171034730768805,1.371856904419392,colemak,0.553217982744577,0.02698973353548752,out
14.873270653902061,0.3562231447299877,2.191761883062183,0.03414422759900991,0.9964637145190869,colemak,0.5358261245523896,0.015116236059509666,if
47.71773704306345,0.4218713708587823,2.4528953136068083,0.08175667910899241,2.4989821590852017,colemak,0.5884028421499229,0.04233683603558652,about
25.333189579535926,0.38496281249560727,2.317598632495782,0.05188642884214318,1.4116887006414125,colemak,0.5463499370163563,0.022003388895755673,who
24.072915518653353,0.3876482230202084,2.2954939723902816,0.05329212197032714,1.4985843564782637,colemak,0.5498220550963819,0.024935420030585437,get
34.47086526909616,0.42443697952113146,2.5053148750710075,0.08196186088989055,2.3970822746675715,colemak,0.5787807989856457,0.04458145887088797,which
16.40414524242261,0.3524573746070976,2.204204603635953,0.0363036632408456,0.8526382887857784,colemak,0.532798040720132,0.016219750809572806,go
18.45619540168157,0.34828752603523144,2.146012252417984,0.03218667905243057,0.9464196603469556,colemak,0.5317002339311565,0.015624292246777981,me
36.47021502534098,0.41689545960602803,2.4245400011184537,0.07169118866846172,1.749146285392474,colemak,0.5651612480141479,0.037690334443709964,when
29.734157602668155,0.3989966593089285,2.3923436005983993,0.07468299681650797,1.954129661737122,colemak,0.5728947725839177,0.03056701810452194,make
29.849333713978595,0.38200087154465046,2.288533812121891,0.05149769482522544,1.3200838194911442,colemak,0.553969926413534,0.025017711243420542,can
32.518691630775656,0.40287613679001516,2.326284016735811,0.06777433773087269,2.0397993314442227,colemak,0.5614806827078279,0.036625580255704275,like
31.017472170576728,0.4139923283825847,2.398181247083602,0.07186344345825715,1.9037359882616391,colemak,0.570330953884146,0.0318470818653519,time
19.801788775157192,0.3444277219023111,2.1781332169667897,0.03222348552885164,0.9862915264696015,colemak,0.536103723437841,0.019530860095571534,no
32.46079835987901,0.4017735857299923,2.2908875629053456,0.06474187910435729,1.7204588869157484,colemak,0.5616009646258381,0.03820660663685466,just
22.59810581534505,0.37478246768514234,2.302907436459136,0.046668762023787835,1.4381510188448907,colemak,0.5470971500356315,0.026959918398429598,him
33.02889670168521,0.3924102794100199,2.304781575840059,0.07014807861646635,1.700633371193168,colemak,0.5687052780469358,0.030184653562090148,know
29.939871130404494,0.3934454303076822,2.343873280329734,0.0697776364191528,1.7667921100096509,colemak,0.561594062501787,0.038840617542478945,take
61.12319878170497,0.46885008397060224,2.6471386480468766,0.10329697046645614,2.9518222193464236,colemak,0.6105041159952802,0.051248851278774744,people
35.08855244886002,0.4018190906918173,2.3102413712200613,0.07340625212284936,1.974410887837247,colemak,0.5628007741885854,0.03697643106223208,into
37.83667015204904,0.38680796210618834,2.4213825002211102,0.06152192553366554,1.9530996817796211,colemak,0.5649427312805555,0.030197278892421266,year
32.886442505014614,0.39621639109977913,2.38623895335235,0.06658582610671138,1.9423888191399517,colemak,0.5656184008462848,0.03648445430500497,your
33.6228924566962,0.393666686598292,2.359632999206932,0.06731421328787986,1.7734127898031613,colemak,0.5724585311452662,0.030700753582179375,good
30.89344900273943,0.41295008465714345,2.422784749033904,0.07344927910952591,1.859587643591635,colemak,0.5631737085442484,0.030408725852126516,some
38.383395577622856,0.41285104751019275,2.3768601919315238,0.09289771031137022,2.288678853909342,colemak,0.589745289854852,0.036306989893915426,could
39.479122242125904,0.38837731048966784,2.3707754664825034,0.07247397141682702,1.850009782517575,colemak,0.5695898479206993,0.03344682189673292,them
30.221027073896416,0.36921151285301645,2.2542205350301185,0.04959437125912299,1.3186737834293012,colemak,0.549278240397115,0.02431493485043076,see
39.29947290508024,0.4337742918160903,2.416370197803436,0.08496106937101823,2.3070745668310098,colemak,0.5825877340084099,0.0414505888964262,other
32.09640982148318,0.40086847704912776,2.3461824362970787,0.07248488691566193,1.9639657728883742,colemak,0.5633776342167522,0.03438857383495489,than
32.44110375167226,0.3880328332419186,2.354245715772075,0.06734289518086765,1.727653279836629,colemak,0.5668720444249522,0.03536550559957426,then
29.87426604010121,0.3866940920397274,2.222382307057459,0.05500395662494409,1.365876360006693,colemak,0.5557872955071449,0.027684671064623256,now
28.91980111467018,0.3979575012878963,2.380062741540408,0.06252333739764909,1.9262259119316962,colemak,0.5726731005550203,0.030303680348865318,look
37.929701006613335,0.4029554472105254,2.378679626355203,0.07077096863341056,1.9077623102944197,colemak,0.5686536056664869,0.03314210429001572,only
32.61589806366988,0.3895687887586573,2.3477639419651326,0.07131390025455557,1.9342808461639924,colemak,0.5613181236411617,0.029627740259100664,come
26.472615974709264,0.379665953684031,2.2553433408323635,0.054722125631732656,1.4845435217723943,colemak,0.5557950223093584,0.029228822325192156,its
33.17273238864325,0.39039546872135733,2.3385519968387243,0.07129607948835821,1.8255021251855363,colemak,0.571532128449266,0.036582692061459886,over
45.33960070093023,0.41961990318511233,2.453669518463582,0.0827022708391557,2.333476564481756,colemak,0.5789151767355012,0.038625463940154876,think
30.06076194889544,0.38686357868749727,2.3302143826858845,0.06912971837156277,1.875031074038802,colemak,0.5618811437494821,0.03677402780022708,also
28.263691841864784,0.40632096978523125,2.423365108575406,0.06538775661274933,2.000759142095341,colemak,0.5713220166567089,0.030586478654016036,back
39.10036227648978,0.4359631231067367,2.484598587629163,0.08195471995970945,2.2083681988901676,colemak,0.5933810792101373,0.04569538144856786,after
28.155813074341708,0.3872337073658603,2.24367911049091,0.05173434960446286,1.3702302842690401,colemak,0.5491150411022653,0.028088000786532678,use
20.964389089000914,0.3809275612595512,2.259474648610364,0.04830092269379234,1.3739180061215452,colemak,0.555935995370688,0.02283340693927823,two
29.629567611972526,0.3853270487296006,2.2325429504834426,0.052877608758397046,1.4939612931864301,colemak,0.5496326702386393,0.028949590918139017,how
28.415862070406355,0.36518058875510295,2.2217387690439034,0.053312944099921246,1.281999444542562,colemak,0.5499034671512634,0.02805268168927834,our
31.47000114072859,0.4113254916634033,2.3331048540713013,0.06420385217450952,1.7314600998915857,colemak,0.5705605638127786,0.034443684103133226,work
50.134787144235894,0.42803060104624,2.526357554435255,0.07864266756862164,2.373636852254034,colemak,0.5921721116170227,0.03745699851554933,first
29.557344402529598,0.40646540545523435,2.3600059639559037,0.06175382302234484,2.000974659778052,colemak,0.5685442497360234,0.03310994131786444,well
28.861990053892757,0.37892129148062026,2.2899163383943395,0.046700197821302254,1.283221411297281,colemak,0.5495001155090918,0.022628636384661,way
29.932930399947885,0.4069882230042126,2.322578194504317,0.061447598092428,1.798661188443583,colemak,0.5679356701679749,0.03250739916173565,even
22.436927661557377,0.3859721143312046,2.2813624035707254,0.054760727526999134,1.2813271070039685,colemak,0.5498045512830385,0.024250484431726217,new
38.367410956536375,0.3913752782609231,2.3460223877903252,0.0668224038653599,1.8349344535793533,colemak,0.5675166434338901,0.031935430044716176,want
56.69455358209092,0.4815571529601206,2.736196757333171,0.10863715107861391,3.462938319957388,colemak,0.6302716927431218,0.06264049250834428,because
25.266093271249478,0.3793474607922573,2.2646112523616324,0.05304847837542905,1.5177938562849613,colemak,0.5465963760846975,0.028286507813125483,any
45.43374882317095,0.4317298710078278,2.442707069704405,0.09038667604785229,2.3325883171770143,colemak,0.5868817743325486,0.043746754619048145,these
30.284857338161345,0.4162786784026428,2.3942670034412754,0.06770227885276478,1.7399597013969466,colemak,0.5712768373637844,0.032902667879794324,give
24.335599749977966,0.3864872433292207,2.2239906211857,0.05508564119052426,1.3420554977185815,colemak,0.552920450135414,0.02423658944390302,day
40.63301518770575,0.39842842812534135,2.4218260291441602,0.06997783660078541,1.922980415469093,colemak,0.5622644185636855,0.03407965705253443,most
19.323574129655892,0.357636703897134,2.161180960027121,0.030810873712022454,0.937770058901951,colemak,0.5372358401657376,0.01572203066585187,us
48.866217811843484,0.47281944728333514,2.627751348122085,0.12349152512600925,3.5624681590668064,colemak,0.6151984463406467,0.06663482307595699,quantum
57.64239905017655,0.529483997610778,2.650778857505149,0.12854468377633496,3.8525193701966187,colemak,0.6238489390539237,0.05868657924503063,keyboard
89.49197423724847,0.6040397877347432,3.160008897003885,0.18457501579328295,4.693401071128299,colemak,0.6985229883818845,0.09145243338405412,compression
72.05446173698317,0.48012682649444904,2.669397088232079,0.14053447183085924,4.068729478775184,colemak,0.623936013846177,0.06885619596773448,cerebras
75.57373587388564,0.5527850297329394,3.052182942562945,0.16236399100884974,5.029901612784369,colemak,0.6775782040176386,0.09768623008704343,artificial
114.62403417521843,0.564288647203789,3.1976213656502637,0.2010103248046891,5.994511278200692,colemak,0.7077585955045942,0.11471726425101411,intelligence
51.76751715728305,0.4534301795258682,2.6587905995228027,0.11526902026233748,3.0733534267216998,colemak,0.6178681374935451,0.06276479963255191,machine
75.16127843210181,0.49332901948672314,2.599150844320729,0.13546382075288246,3.7841403977832577,colemak,0.6433039093056979,0.061737896257248646,learning
59.75713289185951,0.46786813004583655,2.454590957406198,0.09313477959002156,2.6318549470995802,colemak,0.6028388148198734,0.05816697269685943,neural
54.26868821497906,0.4884228447555422,2.683222091728886,0.12454127404938882,3.038335259638448,colemak,0.616251138499174,0.057864107674739394,network
65.68442811135067,0.539091274801128,2.841257185655232,0.14470859472034184,3.9880548918760375,colemak,0.6527055921788576,0.06658530750580977,algorithm
29.782499655230247,0.391478640575511,2.3068691356512003,0.07280705348467348,1.8693202405355136,colemak,0.5730550142532608,0.034831723105746906,data
54.9850392853998,0.4606377665944573,2.673652021231802,0.1141600242906616,3.5069315631621607,colemak,0.6110942136560769,0.052036513635813644,science
62.24857610522151,0.5143805847262306,2.704108992598993,0.1323226357353779,3.4520505169925317,colemak,0.6247727256107987,0.07620376927688989,computer
100.51061008710998,0.5856844987435146,2.9541195050833498,0.18405136541581216,4.7455588203256625,colemak,0.6958259377789938,0.08115541217964065,programming
56.16694714858028,0.4544065373339803,2.554944914773123,0.0963040028988368,3.0118207856677635,colemak,0.6013003551842716,0.04394080088442797,python
76.87344911572995,0.576144720474596,2.9431402384363032,0.15841540844140686,4.592315349603478,colemak,0.6563163175070132,0.08996078548569396,javascript
79.97026280904633,0.4740370135258703,2.7347797964063107,0.1415911665697095,3.8288986583627924,colemak,0.6438506244503723,0.07073944627476914,research
109.51527192152541,0.609930677331912,3.146230635241906,0.17345922319628693,5.45939715395751,colemak,0.670096147804699,0.10239155617910642,development
34.33291462772029,0.38798408392261,2.270067825207009,0.060488383462502085,1.926416276481643,azerty,0.5595295085577526,0.037375393022644816,the
26.29947040979245,0.3575123004897065,2.195102229442683,0.0438250768158623,1.1189024909054788,azerty,0.5433939033267721,0.019895065181219078,be
18.19930281331318,0.36127084369924106,2.190756606608051,0.04067834763811735,1.1678371696820562,azerty,0.5451184435077636,0.023419272174236495,to
18.620727232647717,0.3596799733618436,2.1981875624182754,0.04568095547642721,1.1611922333766702,azerty,0.5446681326484448,0.02060474291361909,of
34.30823978883762,0.39018437031468467,2.2826440594724864,0.07253606892036449,1.7219273674533666,azerty,0.5596441338027249,0.03320743287117905,and
8.954903982574388,0.33761794810264023,2.0845017234801118,0.020924572047727418,0.6492796122570518,azerty,0.5238171196186123,0.011253096403515865,a
18.38998286424059,0.3704053365495291,2.2417400785691703,0.0447715419041128,1.1008572033337833,azerty,0.5438952990549899,0.019585730275066972,in
39.528137793648696,0.4251831158048417,2.4078729203398503,0.0795040626585412,2.2292586534514545,azerty,0.5924843993028968,0.05038369356603251,that
44.773229294706745,0.4133415768820457,2.4202137536910575,0.08446499104965381,2.3076403818097484,azerty,0.5810060786766464,0.039440643399710845,have
12.704026082055078,0.329070661782538,2.091076858896998,0.022634632520487,0.5558694087675569,azerty,0.5210123482280885,0.010646994506930336,I
25.64077110106643,0.37178009800282075,2.189629514722667,0.04023591585063683,1.1389331405228413,azerty,0.543667246211353,0.01957480131212626,it
30.864931183256786,0.41233419954254535,2.2539652331509505,0.06100026865968196,1.7930654660682313,azerty,0.5595909195730722,0.029026102463323055,for
37.69543199046223,0.4060002163834917,2.266526464936715,0.059768273204945654,1.7600229730342902,azerty,0.5623665826859624,0.03126899904899883,not
21.6956159074133,0.3639433317028969,2.2403772536352555,0.047937407064846435,1.1650086970679805,azerty,0.5396230126697525,0.019038823205341966,on
38.16027240547295,0.4234322923708643,2.492424520555046,0.09229809441926277,2.339042309922932,azerty,0.5965281134598536,0.046456790061906984,with
21.784660779275317,0.36554225926815903,2.2019999306700297,0.04467553178591058,1.26092882035558,azerty,0.5434398038177327,0.01920273863674819,he
20.066792059931462,0.36483515342270806,2.228923092504372,0.04540729838396804,1.1783174745148952,azerty,0.5430914931910668,0.021973824689455794,as
30.33806923563341,0.4039084733652051,2.3761594071366225,0.07218626846380767,1.8505125568338519,azerty,0.5701977595729779,0.02952780474882887,you
22.50941377338892,0.3600618087353413,2.23507973836637,0.04186852327152515,1.1605492203765568,azerty,0.5415348099578016,0.021681549840100237,do
23.03836973011934,0.3594695960948801,2.2295849695285153,0.04461631086382434,1.141977688945999,azerty,0.5435154371252185,0.019763814332580957,at
36.619588464124526,0.41658191119142385,2.4767495212511883,0.09035939417288452,2.352952295138575,azerty,0.5895374446737317,0.04563318645870069,this
33.75905668553242,0.38566191120395027,2.3226448465009186,0.06436897748044018,1.7390831511664948,azerty,0.5701788220859038,0.03296853929160819,but
36.46667047539011,0.3859294282647414,2.257537242948231,0.0650494956992536,1.670306723317012,azerty,0.5688631145862133,0.03725269682035199,his
22.07606586337714,0.36115427753370494,2.246906000656478,0.04526198438969003,1.200989111667268,azerty,0.5465290322231245,0.020529236881484395,by
47.425429069024375,0.42305364800063744,2.462850929724633,0.08530633743213538,2.338021613436177,azerty,0.5844034008302763,0.038297927116305606,from
43.026298446461965,0.4289785189441164,2.4955969986070228,0.08733002124553604,2.6138085867814222,azerty,0.5938888351390882,0.03940009569083048,they
25.802262150848435,0.3677878771586407,2.172101748694623,0.04766708319940984,1.263639113693615,azerty,0.5397903949502172,0.02294672328590525,we
33.92372612666344,0.4085948034128373,2.2843613148590367,0.07108300717242107,1.8090827421320066,azerty,0.5673342681662297,0.030095445141661296,say
28.72184546143666,0.40906442692411493,2.2902300432013103,0.06809489820022668,1.6546794603751664,azerty,0.5638800243363166,0.03622995052218868,her
33.12320518794291,0.39721271100097605,2.256037783379605,0.0606126730451962,1.6762612376924837,azerty,0.5700988739152265,0.03364572278887222,she
25.096409773204755,0.3729333559321373,2.194446323653242,0.043946407445653084,1.2711808321990068,azerty,0.539965525268676,0.022125718044803854,or
19.14707024865571,0.3730317331127058,2.1843548445832526,0.04092898352224253,1.3067310579419373,azerty,0.5403556864563724,0.021899526361414307,an
47.89360813722509,0.43744687000662497,2.383577929610413,0.09246252325685174,2.5253672780808283,azerty,0.5892159566921505,0.03899816559007894,will
17.91322494004084,0.36522855532026793,2.2161578808437628,0.04544092917541175,1.2042281001412363,azerty,0.544990651414002,0.02156776871969815,my
38.15027434274137,0.4127134673792007,2.291760373030016,0.07246524382178582,1.870175787026502,azerty,0.5651856298040167,0.03097948718620327,one
28.850350900101905,0.3925976387276216,2.35278501354299,0.0663539288723608,1.7637380686933959,azerty,0.5673000841033747,0.037942452763145396,all
44.567470213191946,0.46392691555161136,2.6216292737531517,0.1120998694740713,3.0999786242112726,azerty,0.6192024044558165,0.06193526511351205,would
44.89499907256118,0.47214620750065045,2.433758874576199,0.11162885047194003,3.067433318213362,azerty,0.6048055408225369,0.05442033620215463,there
62.60335625574628,0.4453840112556853,2.422646407453927,0.10745178159393842,3.2633713972104945,azerty,0.6003758266547486,0.05884805734246309,their
37.80831388741607,0.4349650428197348,2.5030966930715723,0.0947835544421172,2.6231145988239155,azerty,0.5798263886132509,0.043305104127237294,what
22.448627490974527,0.36685630391337026,2.1935206441932493,0.041378763850429365,1.1241054698663502,azerty,0.5456508241219991,0.022581334781483775,so
20.08127649150261,0.36510398028128777,2.1883722686356073,0.04396689118431176,1.2095834101248866,azerty,0.5437011236271903,0.02114025186389374,up
34.76257441896357,0.39559177527234063,2.375364820020943,0.07255154323673031,1.7589317273985123,azerty,0.5595407825064758,0.03261688320696451,out
18.721510025548188,0.36258093930587276,2.249663137085941,0.03975268431055103,1.2168674372401578,azerty,0.5409068182424395,0.023258056344488492,if
44.69333107820821,0.47511099407177204,2.45640512227972,0.10713723688154107,3.0801748428589533,azerty,0.6046280549495789,0.05174935918314302,about
27.992688135922723,0.39744933878677363,2.3339088136741015,0.07217690005722951,1.738517789850359,azerty,0.5607746664207041,0.035737602789584134,who
28.145759148651322,0.3943727525164405,2.374982216129327,0.06409079306204066,1.79872090232024,azerty,0.5711751182403404,0.03487022515794408,get
45.7313430418139,0.46231449377099465,2.451774235598583,0.10255961949070347,2.8377723183697166,azerty,0.6150327480935398,0.05678480966100534,which
21.872418101208787,0.3599325680344715,2.2405177858427194,0.04026617506881265,1.20379516711266,azerty,0.5427744524040047,0.023944988887265338,go
18.563037556036974,0.3631528017628866,2.175295632174514,0.047076696395136,1.131298582267712,azerty,0.5482343298345246,0.022657091743397268,me
51.18547967111979,0.4188090712263317,2.498432100570187,0.09309106187740139,2.4375589139622824,azerty,0.5856425639313474,0.040389897151786175,when
35.300070703775575,0.43160988996916044,2.4412653975580554,0.08650358941195593,2.533103010086762,azerty,0.5923235775183987,0.03802183633176825,make
38.05903209745287,0.38755158210528506,2.3065478611712416,0.06815750078985632,1.796983912310556,azerty,0.5686530293765422,0.03788460657643752,can
49.20021464252075,0.4404265987955403,2.468831393831633,0.09615386017993076,2.4800060390628964,azerty,0.5963808841887547,0.04618112959476806,like
46.385095877024575,0.43644333538956004,2.459008507498933,0.0864178962834756,2.585304661911441,azerty,0.5963840809019803,0.03889686121290682,time
24.36048329393521,0.35764757274577,2.2432993790053883,0.045429045025178874,1.2511125436852055,azerty,0.5483314061910171,0.024910865175251623,no
49.24559415162354,0.4149194193542165,2.384831370505547,0.08686388328683665,2.2101167883133708,azerty,0.5806539481822548,0.04914211689910971,just
30.397689283148395,0.3949725158893476,2.344603189967041,0.06288834786340851,1.9264796530136112,azerty,0.564090875636831,0.035723123988986125,him
44.96071232475756,0.4175980574455628,2.4696408705118227,0.08048992751988589,2.41368265696625,azerty,0.591160325722364,0.04513420227207086,know
49.83536727165716,0.42245287441107054,2.3376913775465007,0.09616009378721678,2.4089359048714702,azerty,0.5889530558493978,0.04559766666573813,take
67.58650699880877,0.4851242212543818,2.512356388182615,0.142503740649459,3.4045115864123896,azerty,0.6431360875667141,0.0747940833768687,people
41.669395648803864,0.43451923777366086,2.3709651286272417,0.09540730575312312,2.467666140345895,azerty,0.5966227427552637,0.041933296695134424,into
52.05805189262305,0.44939352467424704,2.4486946718225697,0.08287174440863641,2.595902961535327,azerty,0.595078092343535,0.045630598057388255,year
44.31774574796789,0.4323266033971763,2.4926447706217267,0.0820794515692029,2.3291819567725076,azerty,0.591801032237478,0.04828620762257743,your
41.02120629202921,0.43683663658966043,2.4762677569330065,0.09600493541017176,2.3800023047674808,azerty,0.5941302721774262,0.03841993995124227,good
52.19043017303393,0.4249328379175675,2.4378904431929644,0.09022494990834329,2.3012630053186536,azerty,0.5957890399559063,0.047485953103957236,some
52.86007040904347,0.4644289161167614,2.6271725934479435,0.10222313842085198,3.1786334332200887,azerty,0.6132164821156918,0.06183268309252678,could
43.84221355757277,0.4349799291085194,2.486231683893413,0.08108690986058066,2.4145471501103506,azerty,0.5843355724065105,0.04181352887609097,them
32.14200501534875,0.4029323216579123,2.2951180316487507,0.06398405706361152,1.767685408844937,azerty,0.5637893129552154,0.03604389617002519,see
52.87409203218106,0.4500960054553268,2.52240503010865,0.10193366866264005,3.018483534088728,azerty,0.6030246069444513,0.06314260704067866,other
39.08232623232203,0.4501372482286933,2.42929049691839,0.09471776048839647,2.4413912309204266,azerty,0.5877407403089926,0.039662505037692024,than
46.697362926992255,0.44044060693212106,2.435891637378351,0.08901254730770272,2.2075002633690417,azerty,0.5863759909294661,0.045137295411273634,then
27.337627908932795,0.3968428547544777,2.3197010239212092,0.06235639076348259,1.873680713906474,azerty,0.5713824170707024,0.03494670145240938,now
43.84841664005696,0.4303866376023422,2.448025010871116,0.08464884903100779,2.210381332839983,azerty,0.5923116018296581,0.0465967154315705,look
47.933830684854634,0.4365101111192677,2.43648737834885,0.08768053092660093,2.4105557211203115,azerty,0.5930655124916511,0.042391950560060086,only
42.88187089964876,0.4208455630529769,2.3829869540943065,0.08171767896774987,2.635520756986344,azerty,0.5942337351901371,0.04977214057913194,come
34.097005241174884,0.4043938144102329,2.280249944724103,0.06523069766042253,1.865731567715808,azerty,0.5684854104722017,0.03616656919795184,its
49.75084570515633,0.4470949497594531,2.3790178674767133,0.08616954796260606,2.3577082446010365,azerty,0.5860377479181055,0.04158671974456217,over
58.30173951356336,0.44627125701498116,2.43937491017325,0.10056430800255299,3.135594354720319,azerty,0.6074953862723238,0.06213389455284652,think
36.54493032879376,0.437514127424785,2.447960501667335,0.09646945937780349,2.3769081895941975,azerty,0.5891421069913173,0.04080138853162481,also
52.68516772679072,0.43273110635891776,2.4483330874039657,0.09483138690804363,2.5259222955835816,azerty,0.585875527891022,0.04210061593195238,back
64.03510946396462,0.4572980504356781,2.5029652626933316,0.1118883750674215,3.106062768657423,azerty,0.6070447261646646,0.060320160856884714,after
38.55645946542829,0.38667803690701585,2.3777961996344774,0.06266416315078804,1.9063441718332252,azerty,0.5596352035066252,0.03655913726540504,use
35.09130394551407,0.3846761065095103,2.27695594028064,0.061852417865708186,1.8095761521042695,azerty,0.572119974733585,0.029089056826824104,two
28.923632893148532,0.3929760187015488,2.3617234444876125,0.06259978150299585,1.8605182557904028,azerty,0.5654717377689696,0.03476399122018286,how
28.810553860279523,0.3856414153306899,2.2977048438029652,0.061641310905781954,1.8118216091541188,azerty,0.5640932447524531,0.03567089876968261,our
37.57950556362944,0.41399005530665606,2.347025519375296,0.09329260130834725,2.316628691582843,azerty,0.5887155518607646,0.042836084565470466,work
60.10466265336186,0.45964438335301677,2.4442820848894984,0.10388833332640414,3.2757371873530596,azerty,0.6096291469724786,0.051840752797439,first
44.23574345927078,0.42958781378323707,2.3787006925440513,0.09180299965162611,2.2312320675554163,azerty,0.5873456994698796,0.039522924176844804,well
29.183968490057755,0.40503529073392686,2.309596955152085,0.06595298619069231,1.9643180630048516,azerty,0.5599202031222879,0.028064974605816702,way
35.77147769737591,0.44580972411272224,2.34132842136861,0.08276009982844618,2.347922175992159,azerty,0.5904537629827735,0.047071604841910815,even
31.68509824291992,0.3864065458032091,2.3083152507029334,0.06125345538449548,1.934144838657758,azerty,0.5715049948527161,0.03611071599278163,new
37.83588652898731,0.41559846832950587,2.3850006907603922,0.09410471367809707,2.3402566780221252,azerty,0.5858389370696782,0.040349241989191716,want
76.49032550886108,0.5383901310947938,2.6226973334052097,0.15983852487300934,3.861490283873491,azerty,0.6518760546114891,0.07246769612194692,because
36.012398681412705,0.40938668215160123,2.2843830119171202,0.06109492344717466,1.8766876340863814,azerty,0.5625939672101985,0.0329958244716957,any
50.0114375146991,0.46068733856176103,2.595856382082812,0.11975942121446442,3.140027327475953,azerty,0.6046911247775633,0.055024321434717374,these
40.39409454817669,0.4382291654542011,2.3634205578232157,0.08789947615339914,2.320898963547997,azerty,0.5881288315021238,0.04809682831741265,give
32.82566147845306,0.4045827761685723,2.291871005643865,0.06836205116595384,1.650991241430428,azerty,0.5636131580210376,0.033585775263760685,day
40.52095329694861,0.4224709230132615,2.379751320857927,0.09612547689730767,2.2533876132010877,azerty,0.5938259982228937,0.03866993998859469,most
17.874562357639643,0.3744727400846283,2.219176833895121,0.04608108677884185,1.1431559105289772,azerty,0.5396101735556493,0.02112945188337279,us
65.7378143668468,0.52426329274518,2.5970695294438335,0.15922081255546675,4.0839637579182755,azerty,0.642141984419237,0.0847404630794805,quantum
92.49229990232845,0.5570494071542635,2.7747957063455586,0.16050356760746173,4.804561049203322,azerty,0.6875383071387253,0.10028988177488274,keyboard
111.55698757803215,0.6957439220998882,3.34292977494525,0.22867820120511595,6.075960849787979,azerty,0.7260342700356428,0.1265301026161521,compression
91.14997740094499,0.5845881034386418,2.855557936679421,0.18050392065335494,4.989782808675838,azerty,0.6799898243175332,0.09650636486320495,cerebras
96.05096253503055,0.606175926302559,2.981152482483828,0.22110235954003518,6.567645001445886,azerty,0.723838027120815,0.1193628741767702,artificial
128.35091217877562,0.6685100822550096,3.436643857125677,0.25665952966235,6.687178371455982,azerty,0.749711866917024,0.1354722669990384,intelligence
83.38796148190067,0.5160506651850826,2.7567652482927025,0.13954916399925477,4.064634805354973,azerty,0.6655721945171,0.08803655072378516,machine
98.46243851485853,0.5392603623073311,2.766678459693466,0.17444387315032395,4.789880198966112,azerty,0.6586822513105752,0.08015569586390923,learning
67.19149705285619,0.507310045211405,2.5379277313500457,0.1243173021182834,3.852523451036755,azerty,0.6368440658113863,0.06771468216557897,neural
81.07105739377874,0.5569738044488164,2.6012248337627017,0.15626449575914686,4.166645629846538,azerty,0.6669077647585315,0.068675330766563,network
79.63613997368272,0.6073355779386362,2.8297762097545465,0.18901247388666895,5.661930420412365,azerty,0.7140599665644215,0.11232965223254321,algorithm
41.83329510542904,0.4348851522757069,2.4347080989294265,0.0881860850101161,2.300895592540479,azerty,0.5966596006344024,0.04763249354012997,data
71.44011519635582,0.5258728811996788,2.7141889225036695,0.162790959743684,3.873438843910396,azerty,0.6438211589321635,0.07893222089662655,science
98.9733121728157,0.5728992248152455,2.982978816026746,0.16904812849715495,4.572522053051613,azerty,0.6836982832754305,0.08265320512532776,computer
141.67395021050544,0.6913694816875804,3.3824087905141194,0.22072233046835127,6.828045392958455,azerty,0.7306268698424406,0.11775271355482733,programming
70.8537927428984,0.4773350974132031,2.6213668301068136,0.13742229176458978,3.548831888057507,azerty,0.6249000226878233,0.06183522268550321,python
103.17541516450221,0.6081958604221106,3.235613586847122,0.21215156172937924,6.548681330247796,azerty,0.7203317964873085,0.11469612921455738,javascript
96.10895332214655,0.5700864000042838,2.7750877406751036,0.1820466504034501,4.452701748206636,azerty,0.6855628096486417,0.08604206224043345,research
114.32371320728342,0.6748433505175874,2.963265432245164,0.26064840566546316,7.132088840463227,azerty,0.7640652549079423,0.11466120511390668,development
31.06391858503427,0.38070968164815666,2.305191822302978,0.05774338824201921,1.6295796742593545,qwertz,0.5653730574720612,0.03506186602611068,the
24.371810974039143,0.3655497430825469,2.197245703172972,0.03963555618657476,1.173021659020513,qwertz,0.5455260494046948,0.01991527519880704,be
23.87934925279411,0.3560707493709597,2.1738511051667433,0.04426796740924538,1.2010145949608153,qwertz,0.5435254852963698,0.02221932806431483,to
17.558929988903984,0.3614023235860232,2.1705695188614933,0.04471466532849224,1.2477182474485304,qwertz,0.5451927633151409,0.023105996004552497,of
31.78975931505619,0.39539599969419104,2.305146184776435,0.05727055523489884,1.8659021926991826,qwertz,0.5683956110522147,0.029322214641603613,and
9.797495748850059,0.3321716920798416,2.09104558981149,0.021780722479418726,0.595603465058586,qwertz,0.5228986656578988,0.00923150705993188,a
18.51522461664551,0.3722165860945934,2.2385438721400304,0.04526340115780314,1.201759353762539,qwertz,0.5441412570489444,0.021929544112629453,in
45.399028310403246,0.4229622079465277,2.34175569218342,0.08729578261842383,2.4403364430916175,qwertz,0.5867016514074801,0.04030309166783153,that
36.285703032877656,0.43830129492625614,2.4565022951159676,0.08652333493989484,2.213163049746649,qwertz,0.5919622113172174,0.04220038012087699,have
10.426059756409003,0.3353608931452701,2.0922270195165993,0.021695318432785122,0.5914638610734781,qwertz,0.5225729610144398,0.009203069401396244,I
19.33224268358341,0.35625653029405935,2.234024824857043,0.04203954309488274,1.1632618228965834,qwertz,0.5387472718920442,0.02239171971499078,it
37.05199700658471,0.3822427158914844,2.2564541039223145,0.05688707632103084,1.8625365312961102,qwertz,0.5664140832259408,0.03120914072946708,for
26.190504761888484,0.3828682902997181,2.2648273692861833,0.0678802476689816,1.7642212730701865,qwertz,0.5603734092002317,0.03024704725766937,not
17.535061985102917,0.35600928397591275,2.1918494479263986,0.04279268756796178,1.1517219811546304,qwertz,0.5450092540292939,0.02358725358672395,on
43.44785588267035,0.41044646201887186,2.372875032132595,0.07631439779169845,2.262367104014792,qwertz,0.5777318531553448,0.0422684860658561,with
21.10664021221363,0.35786156073345426,2.23140119764797,0.042176957947410186,1.1585821163703087,qwertz,0.5417574633678954,0.02125690545423704,he
24.272632491088487,0.3696407497119019,2.197764519465155,0.04423351795341459,1.232159129466982,qwertz,0.544046549310355,0.020434449006624573,as
27.1365409859694,0.4019322118445829,2.2710664805780354,0.06881493053925361,1.8252807254232575,qwertz,0.5568141290248223,0.031073415802378455,you
19.552178623530217,0.36132926308380925,2.229593998020624,0.040116481004879946,1.05071335104403,qwertz,0.539650465254237,0.02393822372671932,do
19.757633076313272,0.36898660382161086,2.215779984161587,0.04529095882868111,1.097138926321276,qwertz,0.5435587014997728,0.020478454197578093,at
36.51829028171807,0.4282861116009177,2.4506540357607545,0.09198088574976879,2.465986591419635,qwertz,0.5874467309710609,0.04637511059743299,this
35.721947987402174,0.38805719095896163,2.311349344863363,0.06144010669275439,1.7977991547169576,qwertz,0.5678247404114714,0.03362906196426845,but
35.14566437537451,0.38193742579645973,2.329951182098064,0.06099602677671504,1.7611150705973324,qwertz,0.5578888764084546,0.032201314634023835,his
21.35254319755268,0.35893579014320065,2.2441188073655796,0.043084284460620216,1.2244515197859813,qwertz,0.5440312050511369,0.02094401969432433,by
48.90850106082636,0.44016546994951267,2.3494712399548354,0.08614950071455281,2.3521273208789317,qwertz,0.5873867426869931,0.04503291952341006,from
45.51549362656774,0.4297377481761152,2.390636674067873,0.08800933204117195,2.2131423232142358,qwertz,0.5765926628659676,0.046101632546356096,they
20.996417247938968,0.35731891176870706,2.2211410229414508,0.045004234008837504,1.14000846804813,qwertz,0.5434419444031561,0.0198708157396286,we
32.21260967167776,0.39573545255407605,2.3469194447696835,0.06412708712047574,1.5923528888092353,qwertz,0.568805001609761,0.03523094332427899,say
36.179668130359254,0.38822621302333327,2.3546753361816135,0.0634516015282746,1.615271126558845,qwertz,0.5683503876761365,0.0301595439258331,her
37.48120122533245,0.404086508854572,2.3153065070409062,0.0692876275442909,1.6164557866621534,qwertz,0.5672610739722488,0.035504915909578334,she
22.068416144620723,0.37153378829338063,2.164771519843132,0.043418138850708624,1.1113807414345442,qwertz,0.5378181312193938,0.02347162061976466,or
24.64196485530537,0.36994635547317173,2.180838916061675,0.03950040691060648,1.1895766149658862,qwertz,0.543766682852445,0.023958641707204596,an
48.82232173907229,0.41712931907949774,2.41658949961014,0.08565865997793941,2.2940675830592765,qwertz,0.589696197640243,0.04203398385326087,will
24.05387263165827,0.36434375556694865,2.2340732466275446,0.038180851486098163,1.0659786869710268,qwertz,0.5461731912964842,0.02391047761852426,my
30.337368941999006,0.39622122247592106,2.3661012235765977,0.057168771937939594,1.6634438491039687,qwertz,0.5677492700577934,0.03483630440168135,one
32.59748742846059,0.39058926528712856,2.2616251648348324,0.06016537746076314,1.704763411815113,qwertz,0.5683594308562588,0.030395819451594412,all
44.30220340419713,0.43456279716763624,2.5210605573497684,0.09737504506706553,2.7220427782847847,qwertz,0.6074892438514163,0.05977189700182437,would
58.98711137311838,0.4483701363905367,2.4950732754826683,0.09872405276477551,2.7609183691110273,qwertz,0.612015029510746,0.0567018984931949,there
60.41131578015257,0.46675036721280677,2.5538523112331966,0.0962023196619609,2.694236843482184,qwertz,0.6133243320147226,0.05478584230604956,their
38.78239702230929,0.4433448540703072,2.467456050840006,0.0792494574097425,2.460001107142456,qwertz,0.5782407178047592,0.047839792484203184,what
25.17976385958733,0.36684512545743264,2.17576329081035,0.04364484806961985,1.08696097439348,qwertz,0.5428758492396802,0.020461618387343884,so
21.91758417918487,0.3613627693798522,2.1834225717569145,0.04584850603751139,1.2484245687846782,qwertz,0.5428319870147105,0.022339169133977727,up
31.152211599601607,0.39296616644520443,2.285701861518965,0.058795483302090265,1.5956922386593826,qwertz,0.5661398154213336,0.02896451333385117,out
23.59860844345711,0.3724461357138618,2.1792683495358047,0.039929478503517614,1.2128068363619058,qwertz,0.5400878450311094,0.019008752990874532,if
55.77858158049653,0.43524471648719437,2.6113290994057725,0.09462589815307791,2.816235914202841,qwertz,0.596546521781981,0.048515244309467756,about
31.653885226038113,0.4042855664720648,2.2926914621256262,0.0676495153371404,1.6321740115703365,qwertz,0.5620798288409393,0.03354376371597903,who
37.512754816118715,0.3837752021296532,2.262142628112402,0.06337889101625,1.8606674298733867,qwertz,0.5663852516942091,0.03588889251021354,get
46.78618500149419,0.4719396151435393,2.476363859103301,0.10154269976594156,3.104625015554388,qwertz,0.5957680296023005,0.05621517411614935,which
20.78430323655539,0.36601342074906273,2.1808941081138635,0.037861292632279664,1.2098031527031938,qwertz,0.5447337381758932,0.021645217108249425,go
23.62543492699733,0.3555105812756209,2.198372248019539,0.0419743650592997,1.1089524530465953,qwertz,0.5438550205494933,0.017973321515403828,me
38.597293751122,0.41681208627584065,2.347960172753261,0.08548721710474054,2.1698829400147686,qwertz,0.5796284852124306,0.03800207647422046,when
36.076165102176695,0.43052755689750405,2.461146163319778,0.08022119408945158,2.205462108620371,qwertz,0.578278660979169,0.04730493171118682,make
33.823293838205316,0.39769354888115266,2.3107708626914505,0.06535814390410885,1.7830413751344585,qwertz,0.5611974271892365,0.029922649635896862,can
45.565515212216205,0.4402438452643769,2.4609631144351396,0.08870897177289461,2.475785200594401,qwertz,0.5758935669573726,0.04343364509368949,like
49.629329066321354,0.4157780440656191,2.432683837770323,0.07973100324151747,2.375490585638412,qwertz,0.5845060602112612,0.03789436748361823,time
24.12152987940795,0.3604147332941254,2.2265324290728308,0.0385954010124323,1.1345817517967942,qwertz,0.5448285723945876,0.022882243907276174,no
44.77735244389009,0.42032690741008644,2.440589298989883,0.09143152376017524,2.454459892010794,qwertz,0.5897614508118089,0.047778522299718754,just
26.12925662352538,0.3955103719826035,2.339730833139129,0.060692082332012884,1.841794131902572,qwertz,0.5654596134313412,0.03593374739742586,him
47.901990097421134,0.41387174517729075,2.3644625399722696,0.07688188424259995,2.218276452430882,qwertz,0.5804495300356968,0.04708171087049254,know
34.08301620226595,0.443968875070537,2.3448289522412966,0.0795426394511429,2.1025420148565184,qwertz,0.5773775157151647,0.03696335242416159,take
68.55404916477183,0.46409164701308275,2.6286372299141627,0.1332994709547264,3.4252520205682373,qwertz,0.6231874958785688,0.06056330962675403,people
43.49670008166549,0.4438001356722573,2.4034140217438473,0.08768530759873243,2.2849392966203825,qwertz,0.5840586174022708,0.04740521663955911,into
47.40181847009365,0.42987187344926475,2.364485293097682,0.08299501636209608,2.2619417878235626,qwertz,0.583725190722391,0.03675154421167659,year
36.8815599137941,0.4329499219930223,2.3407602860718906,0.08059273798775507,2.513335917466267,qwertz,0.5881273847414538,0.04573814583613294,your
50.095175683379914,0.43890898724921035,2.3732173726310055,0.07866832882533045,2.3324812572900937,qwertz,0.5913566555352925,0.04159953668686604,good
44.321858310381856,0.4440623842696362,2.403297749139149,0.08074350039746496,2.3143453348598126,qwertz,0.5797994168079649,0.048040140133107506,some
57.491335106446265,0.4658873615772644,2.553119869120899,0.09543661038175554,2.724775145625734,qwertz,0.6096766570195483,0.053439841994609175,could
41.30404122523079,0.44289697944203776,2.479946266188562,0.07577671560325625,2.4269156752781154,qwertz,0.5790464034364882,0.041814508867565964,them
31.786156985120567,0.38342467044023587,2.357703707251245,0.06418427057469218,1.7613122645801997,qwertz,0.5638388649740109,0.03555691258982394,see
45.21760848111808,0.4476611950696086,2.549017597220463,0.10786953950901391,2.6309945605848815,qwertz,0.6094361327770274,0.05300526988810617,other
37.227770212814654,0.4071765539343356,2.360934027531977,0.09039643054060681,2.4102186715610334,qwertz,0.587453766937208,0.03850931224120426,than
39.50111919664566,0.44175723050961613,2.4497599847901834,0.07633381820607249,2.1802790477885736,qwertz,0.5888294622209633,0.04303459703721231,then
37.652034832016234,0.4059202147297288,2.3023662493775245,0.060556546874710716,1.6165301178009417,qwertz,0.5678141124712919,0.02888803005366543,now
46.9566555078073,0.42916868258884255,2.331564071067329,0.08306172423362825,2.1466701165353843,qwertz,0.5844068242658184,0.040213793566748236,look
39.98410526999743,0.42932914933736044,2.4811081953791256,0.07815634108284555,2.254219890091848,qwertz,0.5812640196609503,0.04134976055445613,only
43.863734327648274,0.4343747193858152,2.4535633766809393,0.08723198069709873,2.2147465314480947,qwertz,0.5898862472754367,0.03965579696175074,come
29.76079737266882,0.38784653003005987,2.291922697364428,0.06460810990191901,1.8749408502994425,qwertz,0.5672030855255965,0.03203617557322168,its
39.44168840889432,0.44163783409332363,2.4814483321943013,0.08694879764938883,2.192099451672171,qwertz,0.5820605186429217,0.042803334227723686,over
50.06742749975658,0.44050417722765756,2.442985387277206,0.10755602687834347,3.1335795191038844,qwertz,0.6023040964796496,0.04907109910292766,think
41.18777098551764,0.4176850916424315,2.478250006938118,0.07611573396605896,2.3081949951675735,qwertz,0.5851759999070918,0.047421493944198014,also
38.68961953334687,0.4294940102299736,2.4174429842355307,0.08327245180449493,2.144674725212702,qwertz,0.5791700988868373,0.04033914795688999,back
55.38408188189952,0.4482157284718098,2.4171992803557214,0.09649063305921601,2.8461270250526645,qwertz,0.5968922363991249,0.051555363837700416,after
33.456298758711135,0.40248722000751713,2.257916118307428,0.0594534183106412,1.6040292183612068,qwertz,0.5584604362915562,0.031765464955077934,use
32.576343990244894,0.38556349398597267,2.3137570729835004,0.06199852312100944,1.6278547902567586,qwertz,0.5628800545290825,0.03286376122107411,two
32.15112148056447,0.39614182949014676,2.261263697367563,0.060571950960535796,1.716260319436087,qwertz,0.5570585347521405,0.03277025768252954,how
25.48859062817724,0.4046630160209008,2.2894894130028502,0.06292558458703117,1.785847850139486,qwertz,0.5662623629125773,0.033573848788689103,our
34.95344420371029,0.4388695188640599,2.4346723444375655,0.08289282298924555,2.362557281253098,qwertz,0.5879110032260627,0.04435216403751415,work
57.101004084007215,0.45262233456215184,2.609827595332354,0.1036862447196641,2.6926583225949092,qwertz,0.5994810410598276,0.05092100237979795,first
44.412049291575975,0.43928417084387456,2.3492344812635984,0.08092235624782448,2.392464511125291,qwertz,0.5829026050695506,0.046955804634259,well
33.262269003228475,0.395736895132162,2.27541498008465,0.058860080269892964,1.8332541236531164,qwertz,0.568819983128156,0.03156292185342127,way
42.48769339446046,0.42255519466479363,2.3834340369910136,0.08020870103379904,2.372898828810188,qwertz,0.5811733156203651,0.03834160483964289,even
37.200375647062295,0.3876027212836009,2.291658962176371,0.05695423164134409,1.7549377933839858,qwertz,0.566489685095369,0.0332762148192083,new
35.23183905107386,0.41628675372467744,2.3659859830205905,0.0850414852294415,2.1804901079171053,qwertz,0.5905475319759833,0.04164896960354374,want
67.32736130202325,0.5508772704391954,2.7076945984797085,0.1503488995925778,3.7038757331340793,qwertz,0.6464318254894378,0.0664031048404673,because
30.351503282325947,0.38898981787758413,2.3533411095826553,0.06756035444167627,1.6584802839228387,qwertz,0.5645158495802369,0.033889072660941925,any
46.65751385555768,0.4595643740645272,2.5564361105882516,0.11160787730716257,2.768941787771777,qwertz,0.6116157346112322,0.046662111929437554,these
37.90507116241792,0.4236790559330827,2.4074491281709816,0.08316691239494166,2.249841263808124,qwertz,0.5812900969917025,0.04336803749566281,give
26.838792374288413,0.39692875877025263,2.245758122631153,0.06582131443801871,1.6711686582776246,qwertz,0.5579131714837999,0.03024004593178274,day
36.08289580087667,0.4151504581093698,2.390074019500692,0.0914336484561052,2.3366085772963743,qwertz,0.5844173637771881,0.04275759731628825,most
18.03273930421912,0.35977279173105203,2.2128534864214706,0.04343830769441715,1.238466414974116,qwertz,0.5457373746911283,0.020661744472274125,us
62.62741712531244,0.5142192090051183,2.6003639217567462,0.14059556419915045,3.737915026778298,qwertz,0.6409697146300529,0.07083241482793684,quantum
80.3675841264634,0.534372432129948,2.8172642527114244,0.16176722504244326,4.6885720946508505,qwertz,0.6539351590057498,0.08383672696369399,keyboard
122.21892032500163,0.6032949124256561,3.203639055553942,0.21324458117417774,6.542134993501639,qwertz,0.718407943716212,0.12202583905272181,compression
76.52188516667273,0.5471883280513795,2.673259958721075,0.15998071598981964,4.289606953293501,qwertz,0.6620747862019789,0.07211209365995687,cerebras
125.56416078946307,0.6547482851419619,3.113762081763769,0.20468464971567896,6.294961252030131,qwertz,0.7023029681513798,0.1051001831395807,artificial
144.51152379491631,0.6336089308913093,3.0914137449853802,0.26525931206346126,6.9411944221497786,qwertz,0.7390291453924827,0.1124838960023916,intelligence
79.55979520106655,0.52654604886531,2.6854609645017353,0.15143746490839213,3.929423729942747,qwertz,0.6544110396161704,0.07195246829203017,machine
99.08535826813406,0.5339343755371183,2.8821378827604853,0.18448414332022256,4.885542430219035,qwertz,0.6606111978039753,0.07591540441447628,learning
50.631755224153274,0.493207183469157,2.629509348527292,0.12431059560550141,3.48168892676062,qwertz,0.6194555485397764,0.06520257761004418,neural
64.66557516744507,0.49163519192460425,2.749665247024116,0.15126930536746963,4.391841011513289,qwertz,0.6384147913317622,0.06478457012232473,network
89.9388427621464,0.5983244826705449,2.7960633928976755,0.20120135965725752,4.884861169486207,qwertz,0.6998080460965562,0.08452733254067181,algorithm
42.78293300012366,0.43612940973975106,2.42427362593485,0.08081298202032929,2.213417268129089,qwertz,0.5775877298145689,0.04000695140909513,data
62.27843994698817,0.5095083779111118,2.587505412127791,0.14985224953498583,3.732420180263804,qwertz,0.6558135171009449,0.08081963347230103,science
83.4171014964106,0.5429226279931254,2.922162600534175,0.15251585243208035,4.894421247955281,qwertz,0.6561671647596208,0.09073849591896926,computer
110.75085974300548,0.6583618885529885,3.1884804850977835,0.24352268133912558,6.667747482701588,qwertz,0.7121229113681968,0.13166908308149575,programming
61.72630440198745,0.4848646283042548,2.629942407080293,0.12447878257116873,3.3402398737018446,qwertz,0.6192386069070974,0.06371513013789913,python
85.76979363242118,0.6500556743583157,2.8541616244151258,0.2267363896911839,5.273577125726032,qwertz,0.6999385763885754,0.11225929536775828,javascript
76.7187243747471,0.550906364575882,2.807316294061459,0.1776565290981668,4.612791432124847,qwertz,0.6764976269799122,0.08753334978842307,research
132.3418235893325,0.6391573776147506,3.195588936089168,0.21428381193301682,6.675618953249931,qwertz,0.7474686517879601,0.1267989286212114,development
